Hours_Studied,Attendance,Parental_Involvement,Access_to_Resources,Extracurricular_Activities,Previous_Scores,Motivation_Level,Tutoring_Sessions,Family_Income,Teacher_Quality,Peer_Influence,Learning_Disabilities,Parental_Education_Level,Distance_from_Home,Study_Efficiency,High_Support,Family_Education_Support
11.5,83.6,1,0,0,82.8,3,2,3,3,1,0,0,0,0.05,0,0
14.6,58.9,1,2,0,86.4,1,1,2,1,1,0,0,1,0.05,0,0
8.2,94.5,1,0,0,78.5,0,2,1,2,1,0,4,1,0.05,0,1
8.1,92.4,0,0,0,77.1,1,1,2,2,1,0,0,2,0.05,0,0
8.0,91.1,2,0,0,87.4,1,2,0,1,1,0,2,2,0.05,0,1
12.8,74.6,2,2,0,74.1,2,2,0,1,0,0,1,1,0.05,0,0
9.3,88.6,1,0,0,92.7,1,5,3,2,2,1,1,0,0.05,1,0
8.4,81.1,2,3,0,57.4,2,1,0,1,2,0,2,1,0.05,0,1
10.8,84.3,1,0,0,52.0,2,0,1,3,1,0,2,2,0.05,0,1
9.9,92.7,2,1,1,61.2,2,2,0,3,1,0,0,1,0.05,0,0
5.3,85.7,2,1,1,62.3,1,1,3,3,1,0,3,1,0.05,0,1
11.4,68.9,0,3,1,77.2,2,1,2,3,2,0,2,0,0.05,0,1
10.9,77.9,2,1,1,95.0,1,2,2,2,1,0,1,0,0.05,0,0
11.4,93.8,2,2,0,72.1,2,1,2,1,0,0,0,2,0.05,0,0
9.6,92.4,1,3,0,69.6,1,3,0,2,2,0,2,2,0.05,1,1
12.3,93.7,2,1,0,87.8,3,4,2,2,1,0,3,0,0.05,1,1
7.7,82.6,1,2,0,69.2,2,0,0,3,1,0,2,1,0.05,0,1
10.2,90.5,0,0,0,59.7,2,4,2,1,1,0,0,2,0.05,1,0
11.5,93.7,1,1,0,60.6,2,1,3,2,1,0,1,0,0.05,0,0
9.0,97.7,0,0,0,66.5,0,3,1,2,0,0,1,1,0.05,1,0
8.7,86.3,2,3,1,92.3,1,0,2,0,1,1,2,0,0.05,0,1
5.7,78.8,2,3,0,95.0,3,1,0,1,0,0,2,0,0.05,0,1
12.7,80.4,2,2,1,67.5,2,2,2,3,2,0,1,1,0.05,0,0
8.9,90.5,3,1,1,72.6,2,0,3,2,2,0,3,0,0.05,0,1
9.2,78.9,1,1,0,95.0,2,3,1,0,1,0,3,0,0.05,1,1
13.2,91.1,0,0,1,91.3,0,2,0,3,1,0,3,2,0.05,0,1
7.8,82.9,1,3,0,78.7,2,0,1,0,0,0,2,1,0.05,0,1
14.4,89.9,1,1,1,76.1,1,1,3,0,2,0,4,0,0.05,0,1
11.4,85.5,2,1,0,95.0,2,1,1,3,2,0,2,0,0.05,0,1
11.2,83.4,1,2,0,58.7,3,3,2,2,0,1,3,2,0.05,1,1
12.2,99.8,3,0,0,83.4,2,2,1,2,2,0,3,1,0.05,0,1
9.6,69.1,0,3,1,67.8,3,5,1,1,2,0,1,1,0.05,1,0
5.4,97.8,2,2,0,79.0,3,3,0,0,1,0,3,0,0.05,1,1
7.8,95.6,1,1,1,53.9,1,2,2,3,2,0,4,1,0.05,0,1
9.2,68.4,1,2,0,74.9,0,0,0,1,0,0,0,0,0.05,0,0
11.2,84.4,2,0,0,86.5,0,0,1,1,0,0,2,0,0.05,0,1
10.2,62.2,2,2,0,73.8,3,1,1,3,1,0,1,0,0.05,0,0
10.1,100.0,1,1,1,71.3,0,1,3,2,1,0,1,1,0.05,0,0
7.6,76.0,1,1,0,72.8,1,4,0,2,1,0,1,0,0.05,1,0
9.9,76.2,2,2,0,58.4,3,1,0,1,1,0,0,0,0.05,0,0
10.1,76.7,0,1,1,78.2,3,1,0,2,2,0,2,0,0.05,0,1
9.8,78.4,1,1,0,81.8,1,0,2,1,1,0,2,1,0.05,0,1
9.6,80.9,2,2,0,67.8,2,1,3,3,2,0,3,2,0.05,0,1
12.3,89.9,2,0,1,94.0,1,0,0,3,1,0,1,2,0.05,0,0
13.6,80.9,1,1,1,50.5,2,1,1,2,2,0,0,2,0.05,0,0
7.0,70.2,0,2,0,88.7,2,2,1,1,1,0,2,1,0.05,0,1
9.0,93.3,0,1,1,90.4,2,3,1,1,2,0,1,1,0.05,1,0
8.7,86.8,2,0,1,95.0,3,4,1,2,1,0,4,2,0.05,1,1
7.0,83.7,2,1,0,75.7,1,1,1,2,1,1,1,0,0.05,0,0
13.3,81.6,1,1,0,95.0,1,1,3,2,1,0,0,1,0.05,0,0
9.2,73.9,0,2,0,95.0,3,0,0,0,1,0,0,1,0.05,0,0
10.2,98.9,1,1,0,43.1,1,0,3,3,1,0,2,1,0.05,0,1
12.8,97.7,0,0,1,83.7,1,1,0,1,1,1,3,0,0.05,0,1
6.6,74.2,1,3,0,82.4,0,0,0,1,1,0,3,2,0.05,0,1
6.3,76.8,1,2,0,90.8,2,1,3,2,0,1,2,2,0.05,0,1
4.7,81.6,0,1,0,91.2,2,1,2,3,1,0,1,0,0.05,0,0
5.1,90.5,2,1,0,95.0,1,4,0,3,1,0,2,0,0.05,1,1
12.2,90.2,0,2,0,66.3,2,1,2,1,1,0,2,2,0.05,0,1
7.4,92.0,1,2,0,68.1,2,0,0,2,1,0,1,0,0.05,0,0
10.4,90.0,2,1,0,81.4,2,0,3,1,2,0,0,1,0.05,0,0
11.1,91.1,2,3,0,81.7,2,0,3,3,0,0,4,0,0.05,0,1
13.2,93.2,0,2,0,76.6,3,5,2,0,1,0,0,0,0.05,1,0
6.9,97.8,1,2,1,71.9,1,3,0,3,0,1,2,2,0.05,1,1
10.4,97.2,1,1,0,66.8,3,3,2,1,0,0,1,0,0.05,1,0
4.2,72.9,3,2,0,62.2,2,4,3,1,2,0,2,1,0.05,1,1
12.0,78.6,1,0,1,68.6,2,0,3,3,2,1,0,0,0.05,0,0
12.4,95.5,1,1,0,79.1,2,1,3,1,0,1,4,2,0.05,0,1
8.9,90.4,2,0,0,88.0,2,1,1,0,1,0,0,2,0.05,0,0
2.0,76.3,1,2,0,89.5,1,6,2,2,1,0,0,2,0.05,1,0
11.0,83.3,1,2,0,76.8,3,2,1,2,2,0,1,1,0.05,0,0
14.5,87.1,2,3,0,78.2,2,1,3,2,0,0,3,0,0.05,0,1
8.8,66.9,2,0,1,86.6,3,2,2,0,0,0,2,1,0.05,0,1
8.3,100.0,1,2,1,57.6,1,0,2,2,1,1,0,1,0.05,0,0
3.4,83.9,2,1,0,82.6,3,2,0,0,1,0,3,1,0.05,0,1
11.0,89.6,2,2,0,81.8,0,3,0,1,1,0,1,1,0.05,1,0
11.3,86.3,1,2,0,66.8,2,0,0,2,1,0,1,1,0.05,0,0
11.1,89.8,0,1,1,74.7,1,2,1,0,1,0,0,0,0.05,0,0
8.3,75.0,2,2,1,71.6,1,0,0,2,1,0,4,0,0.05,0,1
15.4,88.6,2,1,1,79.7,0,3,2,2,1,0,0,0,0.05,1,0
12.0,74.7,2,2,0,68.6,2,1,3,3,1,0,2,0,0.05,0,1
13.3,83.9,1,1,0,86.2,3,0,3,2,1,0,2,2,0.05,0,1
12.6,83.3,1,2,1,85.6,1,3,2,3,0,0,4,0,0.05,1,1
9.9,96.7,1,2,0,81.5,2,0,1,3,1,0,1,1,0.05,0,0
8.9,69.4,0,0,0,71.7,1,2,2,2,0,0,0,1,0.05,0,0
9.0,100.0,2,3,0,79.6,1,1,1,3,0,0,2,2,0.05,0,1
11.3,85.8,0,0,1,51.0,3,0,3,2,2,0,2,1,0.05,0,1
7.4,89.0,2,3,0,63.7,2,2,2,3,2,0,2,1,0.05,0,1
11.9,87.0,0,3,1,87.6,2,0,2,2,1,0,2,2,0.05,0,1
13.0,82.5,2,3,0,79.1,1,4,2,1,1,0,1,0,0.05,1,0
14.3,100.0,1,1,0,64.8,2,1,2,2,1,0,1,2,0.05,0,0
2.5,100.0,2,2,0,58.3,2,3,0,0,1,1,1,2,0.05,1,0
5.1,77.5,1,1,0,71.6,1,2,2,2,1,0,0,0,0.05,0,0
7.1,90.5,0,2,0,95.0,3,2,0,2,2,0,3,2,0.05,0,1
10.7,78.0,2,1,1,67.0,3,1,2,1,2,0,2,0,0.05,0,1
7.5,100.0,2,3,0,60.7,0,0,2,2,1,0,1,1,0.05,0,0
10.9,88.1,0,2,0,75.0,2,3,0,2,1,0,0,0,0.05,1,0
6.7,77.9,2,0,1,68.0,1,3,1,1,1,1,2,1,0.05,1,1
9.4,82.4,0,2,1,95.0,1,1,1,0,1,0,1,1,0.05,0,0
8.4,70.9,2,2,0,75.9,0,1,2,2,1,0,1,0,0.05,0,0
12.3,78.0,3,2,0,72.1,2,2,3,2,2,1,1,2,0.05,0,0
10.2,84.0,3,3,1,86.0,1,0,1,1,1,0,4,1,0.05,0,1
9.1,82.7,3,3,0,77.4,2,1,1,2,0,0,0,0,0.05,0,0
11.5,85.5,2,1,0,53.4,2,0,2,2,0,0,3,1,0.05,0,1
8.1,86.5,3,1,0,71.0,1,1,2,0,1,1,3,1,0.05,0,1
12.8,70.2,0,3,0,44.4,1,1,2,2,1,0,1,1,0.05,0,0
12.8,79.5,2,1,0,79.7,1,4,1,2,2,0,2,0,0.05,1,1
13.5,76.4,1,1,1,47.4,3,3,1,1,2,0,4,1,0.05,1,1
8.7,99.1,3,2,0,89.6,0,1,2,2,1,0,0,1,0.05,0,0
7.6,98.0,2,2,0,63.2,1,0,2,2,1,0,0,2,0.05,0,0
6.0,95.0,2,1,0,65.9,1,3,0,3,1,0,4,1,0.05,1,1
14.6,90.1,0,1,1,81.5,1,1,1,2,2,0,0,0,0.05,0,0
13.2,88.1,1,3,1,84.8,3,2,1,3,1,0,2,0,0.05,0,1
11.0,85.3,2,3,0,73.9,2,3,1,1,1,0,3,1,0.05,1,1
9.7,78.8,1,0,0,80.7,2,1,1,3,1,0,3,1,0.05,0,1
8.5,73.9,0,2,0,78.3,2,0,3,2,1,0,1,2,0.05,0,0
14.4,100.0,3,2,0,70.2,2,1,2,2,1,0,2,1,0.05,0,1
8.3,86.8,2,2,1,93.5,3,1,1,0,0,0,3,1,0.05,0,1
16.0,85.9,1,0,0,92.7,2,0,0,2,1,1,4,1,0.05,0,1
15.6,74.2,1,3,0,70.8,2,1,1,1,0,0,3,0,0.05,0,1
10.8,66.0,3,1,0,77.0,3,1,2,2,1,0,0,1,0.05,0,0
2.0,83.4,1,2,0,85.8,2,2,0,1,1,0,4,0,0.05,0,1
12.3,94.1,1,2,0,65.4,2,0,0,3,0,0,1,0,0.05,0,0
10.7,85.9,0,1,0,83.4,2,2,0,2,1,1,2,0,0.05,0,1
10.3,77.7,3,2,0,65.3,1,2,2,2,0,0,2,0,0.05,0,1
8.7,100.0,2,0,0,95.0,3,1,2,1,1,0,1,1,0.05,0,0
6.9,70.5,3,3,1,76.1,1,3,0,2,2,0,2,0,0.05,1,1
13.1,90.1,3,1,0,90.7,1,4,3,2,0,0,3,0,0.05,1,1
8.3,81.7,1,3,1,70.2,1,2,3,3,1,1,1,2,0.05,0,0
13.4,99.3,0,2,0,60.7,2,1,2,1,2,0,2,1,0.05,0,1
9.2,82.0,2,1,0,51.5,2,2,2,3,0,0,0,0,0.05,0,0
14.8,81.8,1,3,0,89.6,3,1,2,1,1,0,0,2,0.05,0,0
14.6,90.9,1,2,1,69.3,2,1,0,1,1,1,3,1,0.05,0,1
11.9,96.1,2,2,0,79.9,2,2,1,3,0,0,0,1,0.05,0,0
9.3,82.8,3,1,1,80.1,2,1,3,2,1,0,1,2,0.05,0,0
11.0,78.5,1,0,0,64.1,1,1,1,2,0,1,3,1,0.05,0,1
10.3,94.0,1,0,0,77.6,2,0,1,3,2,0,0,2,0.05,0,0
7.2,87.4,3,2,0,86.7,2,1,2,2,2,0,2,1,0.05,0,1
11.5,100.0,1,2,0,83.9,2,3,2,2,1,0,1,0,0.05,1,0
8.2,84.6,3,1,0,69.8,1,1,0,2,0,0,1,0,0.05,0,0
7.9,81.9,2,2,0,66.0,1,2,2,1,1,0,3,1,0.05,0,1
8.8,78.5,1,3,1,58.5,2,3,0,2,0,0,0,1,0.05,1,0
4.4,77.9,1,1,0,79.1,1,2,0,2,2,0,2,0,0.05,0,1
9.7,85.2,2,3,1,83.5,1,1,1,1,0,0,1,1,0.05,0,0
10.7,79.5,0,2,0,76.1,2,3,2,1,1,0,1,1,0.05,1,0
10.9,87.6,1,2,0,73.4,2,2,0,2,0,1,1,0,0.05,0,0
12.4,85.5,2,1,0,73.1,2,1,2,2,1,1,2,1,0.05,0,1
9.9,73.5,3,1,0,75.1,0,1,0,2,1,0,4,0,0.05,0,1
8.6,84.1,3,2,1,77.7,3,2,1,1,1,0,2,1,0.05,0,1
11.9,90.0,1,0,0,53.4,1,2,1,2,0,0,2,1,0.05,0,1
8.4,87.9,2,2,0,85.8,2,0,1,2,1,1,4,1,0.05,0,1
13.3,86.0,0,2,0,78.7,3,1,1,3,1,1,2,0,0.05,0,1
8.8,75.9,2,1,0,67.2,2,3,2,2,1,1,1,0,0.05,1,0
9.4,96.3,2,3,0,82.1,2,3,1,2,2,0,1,2,0.05,1,0
2.0,94.5,1,0,1,81.2,3,1,2,2,1,0,3,1,0.05,0,1
9.9,76.2,1,0,0,73.0,1,2,3,2,1,0,2,1,0.05,0,1
7.8,83.2,0,1,0,76.0,1,2,1,3,1,0,1,1,0.05,0,0
10.2,87.8,0,3,0,91.3,2,2,2,1,1,0,3,1,0.05,0,1
6.1,73.4,2,1,0,75.8,1,0,2,0,1,0,0,1,0.05,0,0
9.0,86.6,1,0,0,84.9,1,2,3,2,2,0,4,0,0.05,0,1
7.4,84.3,1,2,1,95.0,0,0,2,2,2,0,4,1,0.05,0,1
8.1,81.8,0,1,1,82.4,2,1,0,2,1,0,3,1,0.05,0,1
13.6,88.3,1,2,0,78.6,3,0,2,2,1,0,2,1,0.05,0,1
13.2,71.3,1,3,0,93.6,2,0,0,2,1,0,0,0,0.05,0,0
7.7,82.7,1,1,0,63.1,2,0,1,3,1,0,1,1,0.05,0,0
10.4,100.0,1,0,0,72.1,2,1,1,0,1,0,4,2,0.05,0,1
10.6,91.7,1,1,0,83.1,0,1,1,2,1,0,4,2,0.05,0,1
11.6,85.5,1,0,0,72.5,2,2,2,2,1,0,1,0,0.05,0,0
8.0,82.7,1,3,1,80.6,0,0,0,2,1,0,4,1,0.05,0,1
10.0,68.7,1,3,0,68.6,2,1,0,2,1,0,3,2,0.05,0,1
10.7,89.5,1,3,0,79.5,3,4,1,2,0,0,4,0,0.05,1,1
11.3,85.2,1,2,0,67.3,2,1,1,2,1,0,0,0,0.05,0,0
11.5,72.5,1,3,1,82.3,0,1,1,2,0,0,1,2,0.05,0,0
8.1,98.2,3,3,0,92.0,2,1,1,2,1,0,0,2,0.05,0,0
8.2,85.1,1,0,0,63.6,1,3,1,2,1,0,1,0,0.05,1,0
9.4,94.2,1,1,0,73.5,1,2,0,0,2,0,1,2,0.05,0,0
14.5,80.2,2,2,1,86.5,1,2,1,0,0,0,0,1,0.05,0,0
8.0,85.3,1,0,1,62.0,3,1,2,3,1,0,1,1,0.05,0,0
6.7,80.4,1,3,1,80.5,3,2,2,0,1,0,0,1,0.05,0,0
11.7,86.1,2,2,0,55.9,2,1,3,3,1,0,2,2,0.05,0,1
12.4,95.9,3,1,1,86.1,1,1,3,3,1,0,2,2,0.05,0,1
2.8,84.3,2,1,0,80.5,3,0,2,3,1,0,3,2,0.05,0,1
8.4,90.0,0,2,1,75.6,3,0,2,2,1,0,3,0,0.05,0,1
6.6,74.9,2,1,0,79.5,2,2,2,0,1,0,1,0,0.05,0,0
12.4,69.8,2,1,0,88.4,2,1,2,1,0,0,4,1,0.05,0,1
13.4,99.5,2,0,0,70.7,1,2,1,1,2,0,1,1,0.05,0,0
6.0,78.6,1,1,0,95.0,1,1,1,2,2,0,0,0,0.05,0,0
9.7,86.9,2,2,0,77.4,0,2,2,2,1,0,2,2,0.05,0,1
7.6,90.5,1,2,1,79.1,2,1,1,1,1,1,1,2,0.05,0,0
11.7,74.8,0,2,1,74.7,2,1,2,0,1,0,2,0,0.05,0,1
9.5,80.0,1,3,1,78.2,0,1,1,1,0,0,3,1,0.05,0,1
8.3,87.4,3,2,0,81.0,2,3,1,3,1,0,1,0,0.05,1,0
11.4,88.0,2,1,0,83.7,1,2,2,3,0,0,1,1,0.05,0,0
7.9,85.0,0,2,0,84.5,2,1,0,0,0,0,3,2,0.05,0,1
10.0,78.1,1,1,0,79.0,2,1,1,3,1,0,4,2,0.05,0,1
6.6,71.4,3,0,0,83.5,2,1,3,2,2,1,3,1,0.05,0,1
10.0,74.0,2,0,1,79.3,1,0,0,0,1,0,2,0,0.05,0,1
7.9,72.4,2,2,0,72.4,0,1,0,3,1,0,1,1,0.05,0,0
9.1,100.0,2,0,0,79.7,2,3,2,1,1,0,2,0,0.05,1,1
12.6,82.7,1,0,1,75.5,0,2,2,1,0,0,2,2,0.05,0,1
5.7,88.6,1,1,1,79.1,2,0,3,3,1,0,1,2,0.05,0,0
9.9,85.6,3,0,0,85.2,0,2,3,2,1,0,1,0,0.05,0,0
3.3,83.1,1,2,1,67.6,2,0,0,2,1,0,3,1,0.05,0,1
7.8,85.8,2,2,1,80.5,2,0,2,2,1,0,0,2,0.05,0,0
14.4,88.6,2,2,1,77.6,3,2,1,2,1,0,1,0,0.05,0,0
8.9,70.9,1,0,1,75.2,2,3,2,1,2,0,1,0,0.05,1,0
12.7,91.0,1,2,0,63.6,2,3,0,2,1,0,0,0,0.05,1,0
11.0,69.4,1,3,1,76.1,1,4,1,0,0,1,1,1,0.05,1,0
9.2,88.7,3,1,0,78.8,2,0,0,2,1,0,1,1,0.05,0,0
11.9,98.3,2,2,1,79.6,2,3,2,2,1,0,4,2,0.05,1,1
13.3,88.7,1,3,1,49.8,2,3,1,2,1,0,4,0,0.05,1,1
15.9,85.0,1,0,0,87.1,2,0,2,2,1,0,0,0,0.05,0,0
14.0,90.2,2,3,1,91.0,3,2,0,2,1,1,2,1,0.05,0,1
8.6,83.5,0,2,1,74.1,3,1,3,3,0,0,1,2,0.05,0,0
8.6,87.5,3,1,1,84.8,0,1,3,3,2,1,0,0,0.05,0,0
9.5,69.5,1,0,1,69.1,2,2,2,1,1,0,0,0,0.05,0,0
9.1,98.7,0,1,1,61.3,1,2,0,2,1,0,3,0,0.05,0,1
10.6,100.0,1,1,0,79.2,2,2,1,2,1,0,2,1,0.05,0,1
7.0,80.9,2,3,1,84.7,3,1,1,2,1,0,3,0,0.05,0,1
9.2,95.5,2,0,0,68.7,3,0,1,2,1,0,1,1,0.05,0,0
4.1,99.8,0,2,0,61.0,1,0,0,3,1,1,4,1,0.05,0,1
8.9,75.0,0,2,1,68.6,2,0,2,1,1,1,1,0,0.05,0,0
13.6,90.3,2,0,0,89.7,2,0,1,3,0,0,1,0,0.05,0,0
9.8,93.9,1,1,0,94.1,2,4,0,1,1,0,2,2,0.05,1,1
9.4,90.1,0,0,0,95.0,2,1,0,2,1,0,3,0,0.05,0,1
5.4,92.5,2,1,1,70.0,1,1,2,2,2,0,0,0,0.05,0,0
6.6,86.0,2,1,0,90.6,0,3,2,2,1,0,4,2,0.05,1,1
7.3,94.6,3,1,0,85.5,0,1,1,3,2,0,1,2,0.05,0,0
14.4,88.2,1,3,0,61.2,2,1,2,2,1,0,4,2,0.05,0,1
7.2,100.0,3,3,0,86.2,2,1,0,1,1,0,0,1,0.05,0,0
9.3,66.8,1,1,0,78.2,2,0,0,2,2,0,3,1,0.05,0,1
15.7,93.1,1,0,1,72.4,3,0,1,2,0,1,1,0,0.05,0,0
12.6,100.0,0,2,0,82.2,1,0,1,1,2,0,4,0,0.05,0,1
9.8,89.5,0,2,0,69.8,1,1,1,2,2,0,2,0,0.05,0,1
9.6,96.5,1,1,0,68.8,2,2,1,3,2,0,2,0,0.05,0,1
10.6,89.5,1,1,0,68.9,2,3,1,1,1,1,2,0,0.05,1,1
10.1,92.1,1,3,1,50.4,2,1,0,2,1,0,2,0,0.05,0,1
6.4,81.0,0,1,0,78.8,3,1,1,2,2,0,3,2,0.05,0,1
9.0,87.3,2,1,1,83.3,2,2,2,1,2,0,3,1,0.05,0,1
12.2,82.9,1,2,0,82.9,2,1,1,0,2,1,1,1,0.05,0,0
8.6,98.1,2,3,0,60.9,2,2,2,2,1,0,4,0,0.05,0,1
6.1,90.7,1,0,0,80.4,2,2,1,1,0,0,2,0,0.05,0,1
4.4,81.3,3,3,0,68.9,0,0,1,2,0,0,0,1,0.05,0,0
9.7,84.6,3,2,0,54.2,2,2,1,0,1,0,3,0,0.05,0,1
14.5,91.4,3,0,0,68.4,1,1,0,2,0,0,1,0,0.05,0,0
12.0,61.3,2,2,0,78.0,1,1,1,2,0,0,1,1,0.05,0,0
6.4,90.3,1,3,1,61.3,1,1,0,2,2,0,3,0,0.05,0,1
11.4,78.0,1,0,1,91.8,1,6,1,2,1,0,1,1,0.05,1,0
6.6,81.3,3,2,1,80.2,2,1,2,0,2,1,1,0,0.05,0,0
7.7,93.3,1,2,0,85.8,2,2,1,2,1,0,1,1,0.05,0,0
11.4,76.9,0,0,0,83.5,3,0,2,1,1,1,1,1,0.05,0,0
6.8,100.0,1,2,1,59.6,0,3,0,0,1,0,4,1,0.05,1,1
10.6,89.4,1,2,1,66.2,3,4,0,1,1,0,2,1,0.05,1,1
13.5,72.5,0,0,1,51.4,3,1,1,2,1,0,0,1,0.05,0,0
12.1,72.0,0,2,1,65.9,3,2,1,2,1,0,1,0,0.05,0,0
8.1,82.1,3,3,0,92.0,3,1,1,2,1,0,0,1,0.05,0,0
2.5,87.2,2,2,1,62.7,3,3,0,1,1,0,3,0,0.05,1,1
9.8,75.2,0,0,0,88.5,2,1,2,3,0,0,2,0,0.05,0,1
17.0,94.1,3,3,0,56.5,2,2,0,2,1,0,4,0,0.05,0,1
8.9,83.4,1,2,0,84.2,2,1,3,1,0,0,4,0,0.05,0,1
13.0,83.2,2,0,1,69.1,3,1,1,1,2,0,1,1,0.05,0,0
16.0,77.2,3,0,0,77.1,2,2,0,2,0,0,1,0,0.05,0,0
11.5,100.0,3,2,0,89.3,3,1,1,3,1,0,0,0,0.05,0,0
15.9,71.1,2,0,0,81.1,2,2,3,1,2,1,0,1,0.05,0,0
14.5,84.0,2,2,1,69.1,2,3,3,0,2,0,0,1,0.05,1,0
6.2,100.0,3,1,0,76.6,2,0,2,3,1,0,3,1,0.05,0,1
8.2,89.4,2,2,0,88.2,3,2,2,2,0,0,2,1,0.05,0,1
5.4,86.3,1,0,0,67.9,1,1,1,2,1,0,3,0,0.05,0,1
10.7,77.7,0,2,0,75.1,3,2,0,0,0,0,2,0,0.05,0,1
8.6,82.8,0,2,0,73.9,2,3,1,2,0,0,2,1,0.05,1,1
9.8,82.0,1,0,0,43.8,1,0,3,2,1,0,1,0,0.05,0,0
11.9,95.4,3,0,0,58.2,1,2,3,3,1,0,1,2,0.05,0,0
17.9,90.0,1,2,0,68.6,2,3,2,1,1,0,1,1,0.05,1,0
7.1,100.0,2,1,0,68.0,2,2,1,2,1,0,3,0,0.05,0,1
6.5,97.0,2,1,1,67.5,2,3,0,1,1,0,2,0,0.05,1,1
10.0,82.7,0,2,1,86.9,1,1,2,2,1,0,3,0,0.05,0,1
7.3,94.4,2,3,0,77.2,2,2,1,1,1,0,2,1,0.05,0,1
15.8,72.8,1,1,0,75.9,3,0,2,2,1,1,0,0,0.05,0,0
6.1,83.9,2,2,1,87.0,3,2,3,0,1,1,1,0,0.05,0,0
16.1,85.0,2,1,0,84.4,1,3,2,2,1,1,1,0,0.05,1,0
7.6,96.9,2,1,0,85.7,1,2,0,2,1,0,3,2,0.05,0,1
14.0,78.1,0,1,0,56.9,1,3,3,3,1,0,2,2,0.05,1,1
6.5,73.7,2,2,0,89.8,1,2,0,3,1,0,3,2,0.05,0,1
9.6,88.4,2,1,1,87.4,1,0,2,2,2,0,0,2,0.05,0,0
12.6,71.6,2,2,0,77.5,2,3,2,2,1,0,3,1,0.05,1,1
9.3,75.7,2,1,0,75.9,3,2,0,0,1,1,1,0,0.05,0,0
10.6,87.8,1,3,0,49.4,2,0,3,1,0,0,2,1,0.05,0,1
14.2,81.2,2,1,0,81.1,1,2,1,3,1,1,1,0,0.05,0,0
8.5,81.3,1,0,1,58.8,3,1,0,0,1,1,1,0,0.05,0,0
3.5,86.8,2,0,0,92.1,3,1,0,0,1,0,1,1,0.05,0,0
5.6,86.0,3,3,0,95.0,2,2,3,2,1,0,4,2,0.05,0,1
10.9,79.4,2,1,1,57.9,0,1,0,0,0,0,1,1,0.05,0,0
8.4,94.2,3,1,0,71.4,1,1,1,1,1,0,3,0,0.05,0,1
7.3,88.2,2,0,1,80.8,1,1,3,0,1,0,4,2,0.05,0,1
8.6,78.6,1,1,0,64.3,2,0,2,1,1,0,3,1,0.05,0,1
7.0,89.2,1,1,0,64.7,1,3,0,2,2,0,3,0,0.05,1,1
10.3,84.6,2,1,0,77.2,1,0,3,3,2,0,3,0,0.05,0,1
6.3,73.9,0,2,1,58.2,2,0,0,1,1,0,2,1,0.05,0,1
14.0,95.9,1,1,1,69.4,1,0,3,1,1,0,2,0,0.05,0,1
10.4,79.2,0,0,0,67.7,0,1,1,1,1,1,0,2,0.05,0,0
5.8,91.6,2,3,0,65.3,2,0,0,3,1,0,3,0,0.05,0,1
12.9,87.4,2,3,0,56.6,1,2,1,3,1,0,3,0,0.05,0,1
9.4,96.5,1,2,1,72.4,2,3,0,2,1,0,3,0,0.05,1,1
6.6,89.9,1,1,1,78.6,2,0,3,2,2,0,2,2,0.05,0,1
14.9,100.0,1,1,0,77.7,1,0,0,3,1,0,3,1,0.05,0,1
11.4,77.8,2,3,0,93.2,1,1,3,1,1,0,2,0,0.05,0,1
12.0,96.6,1,3,0,74.0,2,1,1,1,1,0,2,0,0.05,0,1
11.9,66.2,1,3,1,79.9,3,1,0,2,0,0,2,1,0.05,0,1
12.6,73.5,1,2,1,79.2,2,3,2,2,1,0,2,0,0.05,1,1
5.8,85.9,0,1,1,68.7,2,1,1,3,2,0,1,1,0.05,0,0
11.5,84.7,1,3,0,68.4,2,2,3,2,1,0,2,1,0.05,0,1
8.5,91.3,2,0,0,75.3,1,0,0,3,0,0,1,2,0.05,0,0
5.8,79.8,0,1,0,56.0,2,1,0,2,0,0,4,2,0.05,0,1
10.8,95.2,2,1,0,62.2,2,1,3,0,1,1,2,1,0.05,0,1
13.0,77.3,3,2,0,60.2,0,0,3,2,1,0,2,2,0.05,0,1
6.9,87.1,1,3,0,92.5,3,1,1,1,2,0,2,0,0.05,0,1
11.3,90.7,1,1,0,66.5,0,1,0,3,1,0,1,1,0.05,0,0
15.0,65.9,3,0,0,90.7,3,2,3,2,2,0,1,2,0.05,0,0
9.3,75.9,2,2,1,60.4,1,2,1,1,1,1,2,1,0.05,0,1
9.8,87.4,3,0,1,71.5,1,2,2,2,1,0,0,0,0.05,0,0
14.1,72.3,1,1,0,73.8,2,1,1,2,1,0,1,1,0.05,0,0
9.2,86.0,1,2,1,76.8,2,3,1,2,2,0,0,2,0.05,1,0
9.9,77.3,2,1,1,74.6,1,2,3,2,1,0,3,0,0.05,0,1
9.1,82.5,1,1,0,86.8,1,3,0,3,1,0,4,0,0.05,1,1
7.9,87.8,1,0,0,68.9,0,1,1,2,1,0,3,0,0.05,0,1
11.2,87.6,1,1,1,90.4,3,1,3,3,1,0,1,2,0.05,0,0
2.7,87.4,1,1,0,61.9,3,0,1,0,0,0,2,0,0.05,0,1
8.3,82.4,2,3,0,73.1,3,1,0,3,1,0,1,1,0.05,0,0
11.3,95.9,3,1,0,85.8,2,1,3,3,1,0,1,1,0.05,0,0
10.5,100.0,1,1,0,90.4,2,3,1,3,1,0,2,0,0.05,1,1
8.2,56.0,3,2,1,82.1,1,3,1,0,1,0,3,0,0.05,1,1
7.7,72.5,2,2,0,52.3,2,0,0,2,1,0,2,0,0.05,0,1
8.2,79.0,3,1,0,63.4,2,2,2,2,0,0,0,1,0.05,0,0
7.5,91.8,1,0,1,73.3,0,0,1,2,1,0,1,0,0.05,0,0
13.6,80.8,2,1,0,58.6,2,3,0,1,1,0,3,2,0.05,1,1
8.8,95.1,0,2,0,61.5,2,2,1,3,1,0,3,1,0.05,0,1
13.4,95.8,3,0,1,94.2,2,1,1,2,2,0,2,1,0.05,0,1
4.1,84.2,1,1,0,75.2,1,3,2,3,1,0,2,2,0.05,1,1
6.0,100.0,1,2,0,86.8,2,0,1,1,1,0,2,1,0.05,0,1
2.9,100.0,3,3,0,78.5,0,0,0,1,0,0,1,2,0.05,0,0
7.7,96.2,2,0,1,79.4,1,1,3,1,1,1,0,1,0.05,0,0
12.3,90.1,0,2,1,91.0,3,1,1,3,1,0,0,1,0.05,0,0
14.0,92.8,2,1,0,74.3,0,2,1,2,1,0,1,0,0.05,0,0
11.1,76.6,3,3,0,76.2,2,0,2,3,1,0,3,2,0.05,0,1
8.6,88.1,1,0,1,56.1,3,1,2,2,1,0,0,1,0.05,0,0
6.2,88.4,0,2,1,69.1,0,0,1,3,1,0,2,0,0.05,0,1
8.5,96.9,2,2,0,95.0,2,0,0,2,2,1,2,0,0.05,0,1
15.6,97.4,2,0,1,83.5,3,1,1,3,0,0,0,1,0.05,0,0
12.9,79.7,1,3,0,67.2,1,3,2,1,0,0,2,1,0.05,1,1
8.5,66.4,1,1,0,77.7,2,2,3,1,1,1,0,2,0.05,0,0
9.9,91.6,2,1,0,74.2,1,0,0,1,1,0,0,0,0.05,0,0
6.6,90.4,2,2,1,91.2,2,1,1,3,1,0,4,0,0.05,0,1
6.2,95.9,3,3,1,89.4,1,1,2,3,1,0,1,1,0.05,0,0
13.2,77.3,2,1,0,76.6,1,3,2,0,1,0,0,2,0.05,1,0
9.7,92.0,1,2,0,60.4,0,2,3,1,1,0,4,2,0.05,0,1
14.4,85.1,1,3,0,67.8,0,2,1,1,2,0,1,0,0.05,0,0
9.1,92.3,1,3,0,76.6,2,1,1,2,0,0,2,2,0.05,0,1
14.0,83.9,2,3,0,91.5,2,2,0,0,2,0,1,1,0.05,0,0
9.1,85.7,1,3,1,50.8,3,2,0,0,1,0,2,0,0.05,0,1
15.0,79.1,1,3,0,95.0,1,1,2,2,1,1,2,1,0.05,0,1
8.8,70.5,2,1,1,74.3,2,3,1,2,1,0,0,1,0.05,1,0
10.8,83.3,2,2,0,79.4,1,1,2,2,1,0,0,1,0.05,0,0
9.6,87.0,1,2,0,79.8,3,1,1,1,2,0,2,0,0.05,0,1
12.8,92.3,3,0,0,87.4,1,3,0,1,1,0,1,0,0.05,1,0
14.7,72.3,0,2,1,60.0,1,0,2,2,0,0,1,0,0.05,0,0
12.0,90.8,1,2,0,81.9,3,1,3,3,1,0,3,2,0.05,0,1
9.6,85.8,0,0,0,74.5,2,1,3,0,0,0,2,2,0.05,0,1
13.0,90.2,1,1,0,75.3,2,2,0,2,0,1,2,0,0.05,0,1
9.1,85.2,0,2,0,81.7,3,3,2,1,1,0,0,1,0.05,1,0
11.8,81.3,0,2,0,79.7,2,1,0,2,2,0,3,1,0.05,0,1
8.0,83.0,1,2,1,62.6,1,3,3,2,1,0,2,1,0.05,1,1
13.6,84.7,1,1,0,70.9,1,2,0,1,2,0,0,1,0.05,0,0
13.5,89.9,2,1,0,51.6,3,1,0,2,1,0,3,0,0.05,0,1
14.3,80.8,1,2,0,84.1,3,0,3,2,1,0,4,0,0.05,0,1
4.3,84.7,0,0,1,59.1,3,2,1,2,1,1,1,1,0.05,0,0
11.8,91.2,1,1,0,52.1,2,1,0,1,1,1,2,2,0.05,0,1
10.3,63.2,0,3,1,68.6,1,2,3,2,1,0,0,0,0.05,0,0
8.0,89.2,1,1,0,71.7,1,1,3,0,0,0,2,0,0.05,0,1
10.8,85.4,2,2,0,90.1,1,1,0,1,2,0,3,1,0.05,0,1
7.8,80.9,2,2,1,80.3,2,0,0,3,1,0,3,1,0.05,0,1
7.6,87.3,0,3,0,82.6,1,1,1,1,1,0,3,2,0.05,0,1
8.8,74.8,2,2,0,62.7,2,0,2,1,2,0,1,1,0.05,0,0
8.9,86.1,1,1,1,85.3,2,4,1,2,1,0,0,1,0.05,1,0
8.7,87.4,1,0,0,59.5,2,3,0,3,0,1,3,1,0.05,1,1
9.6,94.8,1,3,0,58.2,2,2,1,3,0,0,2,1,0.05,0,1
7.2,91.7,1,3,0,87.7,1,2,3,3,1,0,3,0,0.05,0,1
10.6,82.1,1,2,0,92.4,2,1,1,3,1,0,2,0,0.05,0,1
10.9,83.5,2,0,0,81.8,2,1,0,1,2,0,2,0,0.05,0,1
14.9,92.1,1,2,0,95.0,1,1,0,2,1,0,1,0,0.05,0,0
14.8,92.3,0,2,1,75.1,3,3,0,2,1,0,2,1,0.05,1,1
9.3,74.7,2,3,1,69.7,1,2,0,2,2,1,3,1,0.05,0,1
8.6,85.3,2,2,1,71.9,1,1,1,2,1,1,1,1,0.05,0,0
5.2,78.4,3,2,1,52.1,1,1,3,1,1,0,4,0,0.05,0,1
12.8,81.1,1,1,1,59.8,2,3,1,2,0,1,3,0,0.05,1,1
8.7,100.0,3,3,0,82.8,2,2,0,2,1,0,3,0,0.05,0,1
12.9,100.0,0,2,1,74.8,3,1,3,1,1,0,0,0,0.05,0,0
11.5,93.9,3,1,1,61.5,0,1,3,2,1,0,2,2,0.05,0,1
11.2,87.0,2,0,0,62.6,2,1,0,2,2,0,1,1,0.05,0,0
10.1,69.2,1,1,1,84.8,1,1,0,2,1,0,2,0,0.05,0,1
10.4,86.0,0,2,1,80.2,2,1,2,2,2,0,1,0,0.05,0,0
12.5,79.3,0,3,0,81.4,3,2,3,3,0,0,1,1,0.05,0,0
9.7,94.9,2,3,0,60.3,2,0,1,2,0,0,1,1,0.05,0,0
11.3,84.1,2,2,0,75.2,0,2,1,1,1,0,1,1,0.05,0,0
3.8,95.9,0,0,1,93.6,0,2,1,2,2,1,3,0,0.05,0,1
4.0,75.8,1,0,0,95.0,2,1,1,3,1,0,0,0,0.05,0,0
10.4,92.7,1,3,0,95.0,1,0,1,3,1,1,3,0,0.05,0,1
12.5,76.6,1,2,1,82.7,1,1,1,3,0,0,2,1,0.05,0,1
7.8,100.0,2,2,0,79.8,3,1,1,2,1,0,3,0,0.05,0,1
7.4,93.8,3,2,1,72.6,0,2,0,2,1,0,0,0,0.05,0,0
5.1,100.0,3,2,0,90.0,2,0,0,1,2,0,0,0,0.05,0,0
7.7,88.6,1,2,0,86.6,2,1,1,2,0,0,1,1,0.05,0,0
12.0,74.2,2,2,0,78.3,3,1,2,2,1,0,3,2,0.05,0,1
14.1,100.0,3,0,0,81.7,2,3,1,1,1,0,0,2,0.05,1,0
15.7,70.6,0,3,1,71.9,2,1,1,1,1,1,0,0,0.05,0,0
8.0,86.8,3,1,1,63.4,2,0,3,2,1,0,1,0,0.05,0,0
10.8,96.9,1,1,1,65.7,3,2,1,1,2,0,0,1,0.05,0,0
8.5,95.0,1,3,0,64.2,2,2,2,3,2,0,3,1,0.05,0,1
8.4,93.9,1,1,1,55.4,1,0,1,0,0,0,2,1,0.05,0,1
7.3,91.4,1,1,0,84.7,2,0,0,2,1,0,1,2,0.05,0,0
11.3,92.4,3,3,0,95.0,3,0,0,2,1,1,0,1,0.05,0,0
3.3,81.0,2,0,1,62.6,3,0,0,0,2,0,1,1,0.05,0,0
7.9,86.6,0,1,0,76.2,1,2,3,3,0,0,1,0,0.05,0,0
10.4,88.1,3,2,0,60.0,2,2,0,1,1,0,3,0,0.05,0,1
8.9,65.2,0,2,0,68.2,3,2,3,3,0,0,1,0,0.05,0,0
6.5,71.9,0,1,1,84.5,3,1,3,1,1,0,0,0,0.05,0,0
10.6,92.7,0,1,0,83.2,2,0,1,2,1,0,1,0,0.05,0,0
9.6,74.6,3,1,0,72.6,2,1,2,3,1,0,2,1,0.05,0,1
8.9,80.0,1,0,1,73.0,2,4,1,3,1,0,0,2,0.05,1,0
14.9,99.1,1,0,0,60.5,0,2,2,3,1,0,0,1,0.05,0,0
8.5,93.4,1,0,1,62.4,1,1,3,2,1,1,1,1,0.05,0,0
2.4,90.0,1,1,0,82.5,0,1,1,3,1,0,2,2,0.05,0,1
9.5,83.9,2,3,1,90.5,2,2,3,2,0,0,1,1,0.05,0,0
7.8,71.6,2,1,0,95.0,2,2,2,1,2,0,3,0,0.05,0,1
9.8,70.5,3,1,0,75.9,1,1,3,3,2,0,2,1,0.05,0,1
13.1,87.7,0,1,0,63.0,1,1,2,0,1,0,2,1,0.05,0,1
14.9,88.9,1,1,0,89.0,0,2,0,0,2,0,0,0,0.05,0,0
7.8,96.6,0,1,1,78.8,0,0,3,2,1,0,0,0,0.05,0,0
9.4,94.7,1,0,0,80.0,3,1,2,2,2,0,2,2,0.05,0,1
10.7,79.9,0,1,0,44.4,3,1,2,1,1,0,3,1,0.05,0,1
7.6,88.7,3,2,1,66.1,1,2,0,3,2,0,3,1,0.05,0,1
12.6,65.7,2,2,0,70.2,2,2,3,2,1,0,2,2,0.05,0,1
14.1,78.3,3,2,0,74.3,2,1,2,2,1,1,2,0,0.05,0,1
7.2,100.0,2,1,0,75.6,1,2,2,3,2,0,0,1,0.05,0,0
8.3,77.6,2,1,0,54.4,1,1,2,2,1,1,4,2,0.05,0,1
5.9,79.6,1,3,1,70.5,3,0,3,2,0,0,0,1,0.05,0,0
9.0,64.1,2,1,1,86.7,3,0,1,1,0,0,3,0,0.05,0,1
10.9,88.6,3,1,1,78.8,1,1,0,2,1,0,0,1,0.05,0,0
9.0,60.9,3,2,0,58.6,2,2,2,2,1,0,0,1,0.05,0,0
6.7,85.2,2,1,1,57.4,3,1,0,2,0,1,0,1,0.05,0,0
14.2,71.4,1,3,0,72.7,3,2,0,3,1,0,1,0,0.05,0,0
6.9,77.7,3,1,0,95.0,2,1,0,1,1,0,2,0,0.05,0,1
3.4,87.7,2,3,0,85.2,2,2,1,2,1,1,1,0,0.05,0,0
6.2,100.0,1,2,1,71.9,3,0,3,2,1,0,3,1,0.05,0,1
9.6,61.6,3,2,0,59.5,0,1,0,2,1,0,0,1,0.05,0,0
11.0,100.0,1,0,1,82.2,1,2,2,2,1,0,0,2,0.05,0,0
6.7,93.2,2,1,0,77.2,1,2,1,2,1,0,3,1,0.05,0,1
8.7,66.3,1,0,1,80.0,1,2,1,2,0,0,2,1,0.05,0,1
9.0,67.1,0,3,0,68.2,1,1,2,0,0,0,1,1,0.05,0,0
8.2,68.8,2,0,0,79.6,2,1,3,3,1,0,1,0,0.05,0,0
3.2,81.5,1,1,1,72.3,2,1,2,0,2,0,1,1,0.05,0,0
12.1,83.5,1,0,0,87.7,2,2,3,2,2,0,1,0,0.05,0,0
13.3,87.1,2,2,1,70.2,1,0,1,3,1,0,2,2,0.05,0,1
11.5,96.8,1,1,1,79.8,0,1,1,2,1,0,2,1,0.05,0,1
6.0,92.7,2,2,1,75.0,2,1,0,0,1,1,0,0,0.05,0,0
5.4,77.8,2,2,1,84.7,2,2,1,1,1,0,3,1,0.05,0,1
7.7,88.3,3,3,0,75.0,3,0,1,2,0,0,0,0,0.05,0,0
15.4,100.0,3,2,1,82.5,2,0,0,2,1,0,3,1,0.05,0,1
11.5,92.5,1,2,1,86.3,1,1,2,1,1,0,0,2,0.05,0,0
6.3,70.6,1,1,1,68.0,3,2,0,2,1,0,3,1,0.05,0,1
10.7,89.0,1,3,1,95.0,0,1,0,0,1,0,1,0,0.05,0,0
9.2,90.0,2,1,0,64.3,2,0,0,0,2,0,3,1,0.05,0,1
9.2,100.0,2,2,0,70.7,2,1,2,3,1,0,2,2,0.05,0,1
10.3,100.0,2,2,1,95.0,0,0,3,2,1,0,0,1,0.05,0,0
7.5,96.0,0,3,0,85.4,2,3,1,1,2,0,2,0,0.05,1,1
8.5,100.0,2,3,0,78.8,2,1,0,3,1,1,1,2,0.05,0,0
12.2,85.9,3,2,0,73.0,1,0,2,0,1,1,1,1,0.05,0,0
7.4,86.8,1,2,0,66.2,2,1,2,1,1,0,2,0,0.05,0,1
5.4,80.5,3,3,0,64.8,2,0,1,2,1,0,1,0,0.05,0,0
12.6,88.0,2,2,0,68.4,1,1,1,3,2,0,2,0,0.05,0,1
10.0,91.8,0,2,0,82.1,1,2,0,3,0,0,1,0,0.05,0,0
9.3,77.8,0,2,1,70.9,1,0,0,0,0,0,1,1,0.05,0,0
10.4,93.7,1,2,0,60.0,3,2,0,1,1,0,3,0,0.05,0,1
5.4,100.0,2,1,1,63.7,2,1,1,3,1,0,2,0,0.05,0,1
12.9,91.7,1,1,0,74.5,1,0,0,1,0,0,1,2,0.05,0,0
4.3,79.5,1,0,1,61.8,0,4,1,2,0,0,2,1,0.05,1,1
8.5,90.6,1,0,0,55.7,3,1,2,2,1,0,3,1,0.05,0,1
7.2,77.8,2,0,1,64.5,1,2,3,2,1,0,0,0,0.05,0,0
7.7,88.6,2,2,0,72.4,0,2,3,2,0,0,3,1,0.05,0,1
7.2,72.7,0,2,0,64.9,2,1,2,3,0,0,0,1,0.05,0,0
10.8,86.4,0,3,0,76.8,2,1,0,3,1,0,2,1,0.05,0,1
8.1,84.2,3,3,0,69.5,1,2,3,2,1,0,1,0,0.05,0,0
6.9,92.0,2,1,1,92.4,3,1,1,1,0,0,1,1,0.05,0,0
9.1,94.6,0,3,0,88.5,2,1,2,0,2,0,2,0,0.05,0,1
13.3,92.2,1,3,0,95.0,3,2,1,3,1,0,3,0,0.05,0,1
8.4,72.2,0,2,0,83.6,1,4,0,2,1,0,3,0,0.05,1,1
9.6,83.3,2,1,0,75.4,1,2,1,3,0,1,0,1,0.05,0,0
10.2,79.0,2,1,0,51.4,2,2,2,2,1,0,1,0,0.05,0,0
9.2,83.1,3,2,0,88.4,3,3,1,3,0,0,1,1,0.05,1,0
13.8,79.8,2,2,0,73.5,2,3,3,2,1,0,3,0,0.05,1,1
10.4,72.1,0,2,0,85.6,0,0,3,3,1,0,2,2,0.05,0,1
5.7,99.8,0,1,1,62.6,2,1,2,2,1,1,0,0,0.05,0,0
9.3,90.5,2,0,1,77.7,2,0,2,2,1,0,4,0,0.05,0,1
5.1,78.7,1,1,0,43.6,2,1,2,3,1,0,2,0,0.05,0,1
12.4,76.0,1,3,0,65.8,2,2,0,2,1,0,1,1,0.05,0,0
8.6,91.6,1,2,0,73.3,1,0,1,1,0,0,0,1,0.05,0,0
10.4,61.2,1,2,1,53.0,1,0,3,1,1,0,0,1,0.05,0,0
11.8,70.7,1,2,0,76.5,0,3,0,2,1,0,1,0,0.05,1,0
6.7,91.6,2,3,1,84.6,0,2,1,3,1,0,0,0,0.05,0,0
10.5,72.8,2,2,0,92.1,1,0,1,2,1,0,1,0,0.05,0,0
12.7,67.6,0,0,0,72.6,3,1,0,2,2,0,2,0,0.05,0,1
13.5,89.8,1,2,0,81.6,0,0,0,1,1,0,2,0,0.05,0,1
10.2,81.3,3,2,1,56.0,2,0,2,1,1,0,3,0,0.05,0,1
7.5,100.0,2,3,0,72.1,2,2,1,2,2,0,0,1,0.05,0,0
16.4,80.3,1,1,0,76.9,2,0,0,3,0,0,2,1,0.05,0,1
13.5,81.9,2,2,0,93.5,1,1,2,2,1,0,1,1,0.05,0,0
11.6,58.2,3,1,0,80.9,3,1,0,2,0,1,3,1,0.05,0,1
7.0,92.2,1,3,1,94.7,2,3,0,0,1,0,1,1,0.05,1,0
6.7,83.6,0,2,0,93.2,1,0,0,1,0,1,1,0,0.05,0,0
11.2,88.8,0,3,1,59.3,1,1,2,2,1,0,2,1,0.05,0,1
11.7,75.6,0,2,1,88.3,1,3,2,2,2,0,4,2,0.05,1,1
10.6,93.3,3,1,0,67.4,2,1,0,1,1,0,3,1,0.05,0,1
10.7,78.3,0,1,1,79.4,3,2,1,1,0,0,0,1,0.05,0,0
10.4,72.5,1,1,0,77.5,1,1,2,0,1,1,1,0,0.05,0,0
13.9,94.4,1,3,1,61.6,2,2,0,2,1,0,1,1,0.05,0,0
13.5,95.7,3,0,0,92.1,2,1,0,3,1,1,2,1,0.05,0,1
11.7,95.9,2,1,0,79.0,0,1,2,2,1,0,0,1,0.05,0,0
2.5,91.1,1,3,1,81.1,3,3,1,1,1,0,1,0,0.05,1,0
7.1,90.2,1,2,1,68.9,1,1,3,2,1,0,3,0,0.05,0,1
9.5,93.2,2,2,0,72.7,1,2,2,3,0,0,1,1,0.05,0,0
12.2,72.0,3,3,0,72.4,1,2,0,1,2,0,2,2,0.05,0,1
13.0,85.6,1,3,0,71.8,2,1,0,2,1,0,3,1,0.05,0,1
14.6,100.0,1,1,0,71.6,2,1,2,1,0,0,1,1,0.05,0,0
13.7,76.6,2,1,0,49.7,3,1,0,2,1,0,3,0,0.05,0,1
12.2,79.0,0,1,0,57.1,2,1,0,3,0,0,1,1,0.05,0,0
10.0,79.2,1,0,0,71.9,2,1,1,2,2,0,2,1,0.05,0,1
6.6,77.5,2,2,0,75.4,2,2,1,3,2,0,2,2,0.05,0,1
4.8,65.2,2,1,0,74.5,3,2,1,1,0,0,1,1,0.05,0,0
10.6,84.6,0,2,0,66.3,2,1,1,2,0,0,0,0,0.05,0,0
9.4,72.6,1,0,1,80.4,3,1,0,2,0,0,2,2,0.05,0,1
11.3,80.3,1,0,0,70.6,1,2,0,3,1,0,1,0,0.05,0,0
10.9,80.7,2,2,0,84.7,2,1,2,3,0,0,3,1,0.05,0,1
6.9,82.3,1,2,0,62.0,2,4,0,1,1,0,3,0,0.05,1,1
10.1,98.0,2,1,0,86.5,1,0,3,1,0,1,1,1,0.05,0,0
6.9,68.9,1,2,0,65.1,3,0,1,2,2,0,2,2,0.05,0,1
6.2,90.0,0,2,1,70.9,2,1,3,2,0,0,2,0,0.05,0,1
15.7,96.6,3,2,0,91.2,2,2,1,3,0,0,0,2,0.05,0,0
10.1,73.7,1,2,0,57.2,0,2,2,2,1,0,1,2,0.05,0,0
10.0,89.0,0,3,0,84.4,3,4,2,2,2,0,3,2,0.05,1,1
4.7,100.0,2,1,0,42.3,2,0,2,3,0,0,2,0,0.05,0,1
5.9,79.7,2,2,0,81.0,3,1,1,2,2,1,1,2,0.05,0,0
7.1,89.6,1,3,0,56.7,2,1,2,3,1,1,1,1,0.05,0,0
9.2,84.7,2,2,0,95.0,0,0,1,1,0,0,2,0,0.05,0,1
12.1,93.8,1,2,0,91.1,2,1,2,2,2,0,2,0,0.05,0,1
8.2,73.9,2,0,1,52.5,1,4,2,1,1,0,2,1,0.05,1,1
9.4,76.2,0,0,0,58.1,0,0,2,0,1,0,3,1,0.05,0,1
10.5,65.7,0,3,0,88.2,1,2,1,2,0,0,3,0,0.05,0,1
4.0,80.6,3,1,0,64.9,0,2,1,3,1,0,1,1,0.05,0,0
7.9,78.1,1,2,0,79.9,1,1,0,3,1,0,2,0,0.05,0,1
11.6,93.3,2,2,0,83.4,1,1,2,1,0,0,4,0,0.05,0,1
6.4,100.0,2,2,1,74.7,1,0,3,2,1,0,1,1,0.05,0,0
7.7,80.9,0,3,0,66.3,2,3,1,2,1,1,4,2,0.05,1,1
9.8,94.9,1,3,0,84.0,2,2,2,2,1,0,2,1,0.05,0,1
10.9,82.9,2,1,0,50.8,3,2,1,2,1,0,2,1,0.05,0,1
10.0,73.8,3,2,1,74.3,2,3,3,3,2,0,1,0,0.05,1,0
9.8,91.9,0,0,0,69.7,1,1,1,0,1,0,0,1,0.05,0,0
13.2,94.7,3,1,0,83.6,2,1,1,2,1,0,4,2,0.05,0,1
15.5,83.5,0,1,0,67.1,3,1,0,2,1,0,3,2,0.05,0,1
12.7,82.7,1,0,1,92.2,2,2,0,2,1,0,2,1,0.05,0,1
7.9,84.3,3,1,0,95.0,1,1,2,1,1,0,1,0,0.05,0,0
11.5,79.0,2,2,0,73.4,3,0,1,1,0,0,1,1,0.05,0,0
6.8,73.8,2,1,0,93.5,2,0,0,2,2,0,0,2,0.05,0,0
12.1,99.7,1,2,0,70.6,2,6,1,2,2,0,3,0,0.05,1,1
13.6,93.5,1,1,0,64.1,1,2,0,3,1,0,3,0,0.05,0,1
10.8,93.9,3,2,0,59.7,1,3,2,2,1,0,4,0,0.05,1,1
9.1,100.0,2,3,1,69.7,0,5,1,3,1,0,3,2,0.05,1,1
10.6,83.0,2,1,0,77.5,1,2,2,2,1,0,0,2,0.05,0,0
15.9,83.9,2,1,1,72.8,1,0,1,2,1,0,3,2,0.05,0,1
9.2,67.9,3,1,1,82.6,2,0,0,2,1,0,2,0,0.05,0,1
10.2,67.1,1,1,0,81.5,2,0,1,1,1,0,0,1,0.05,0,0
10.5,78.0,2,3,0,77.4,2,3,2,2,2,0,0,1,0.05,1,0
4.9,74.8,1,2,0,62.3,0,1,0,1,1,0,0,2,0.05,0,0
7.1,96.8,2,0,0,68.5,3,1,3,2,1,0,0,1,0.05,0,0
4.3,98.7,3,3,1,74.3,2,1,2,3,1,1,3,2,0.05,0,1
8.9,91.2,2,3,0,84.9,0,0,0,2,1,0,1,0,0.05,0,0
5.5,79.8,1,1,1,95.0,1,2,3,2,1,0,2,0,0.05,0,1
10.5,72.8,2,2,0,65.4,2,2,1,2,2,0,0,1,0.05,0,0
10.2,95.2,1,1,0,70.2,2,0,1,1,1,0,2,0,0.05,0,1
9.9,79.8,2,0,0,91.7,2,2,2,2,1,0,2,2,0.05,0,1
13.9,98.1,1,0,0,74.8,0,1,2,2,0,0,1,1,0.05,0,0
8.9,72.8,2,0,1,89.1,2,1,1,1,1,0,0,1,0.05,0,0
8.2,96.9,2,1,0,83.0,2,1,3,1,2,1,2,2,0.05,0,1
7.5,91.1,1,2,0,65.9,1,2,1,1,1,0,2,0,0.05,0,1
9.7,84.6,0,1,0,70.9,1,0,1,2,1,0,2,0,0.05,0,1
7.6,80.0,2,2,1,65.4,1,3,1,0,1,0,0,0,0.05,1,0
7.8,94.7,1,2,0,83.5,1,2,0,2,1,0,0,0,0.05,0,0
10.7,98.0,1,1,1,53.8,3,1,2,2,1,0,3,1,0.05,0,1
8.8,90.7,1,2,1,82.5,1,0,0,2,1,0,0,2,0.05,0,0
7.5,77.6,1,1,0,72.4,2,3,0,3,2,0,0,0,0.05,1,0
2.0,89.1,1,2,1,67.8,2,1,1,2,0,0,3,1,0.05,0,1
12.7,73.9,0,3,0,67.1,1,2,1,1,2,0,2,2,0.05,0,1
13.0,90.8,2,3,0,60.3,2,1,1,2,1,0,4,0,0.05,0,1
5.4,98.2,3,2,1,93.9,0,0,1,0,1,0,0,0,0.05,0,0
7.4,100.0,3,2,0,81.2,3,1,0,2,1,0,3,1,0.05,0,1
10.1,88.2,3,2,0,84.7,2,1,2,2,1,0,2,1,0.05,0,1
7.8,100.0,2,2,0,54.3,3,0,3,1,0,1,1,1,0.05,0,0
11.0,88.0,1,3,0,67.4,2,3,1,3,1,0,2,0,0.05,1,1
11.0,86.9,2,3,1,72.7,2,0,1,1,2,0,1,1,0.05,0,0
7.5,78.2,0,1,1,65.4,2,2,3,0,1,1,3,0,0.05,0,1
10.6,95.5,0,3,1,63.2,2,0,2,2,2,0,0,0,0.05,0,0
10.6,73.5,2,0,0,72.7,0,2,2,2,2,0,1,0,0.05,0,0
12.2,68.2,3,2,0,69.0,2,0,1,3,2,1,3,0,0.05,0,1
8.0,81.7,3,2,1,95.0,0,0,2,1,1,0,1,1,0.05,0,0
9.1,90.9,2,1,0,40.9,1,2,2,1,1,0,2,1,0.05,0,1
18.5,81.5,2,0,0,67.9,3,1,1,1,1,0,4,1,0.05,0,1
11.0,96.7,1,3,1,55.1,2,1,0,3,1,0,2,2,0.05,0,1
6.0,80.1,1,2,0,57.1,3,0,2,2,1,1,3,2,0.05,0,1
6.6,85.4,0,0,0,49.9,1,1,0,3,0,0,0,2,0.05,0,0
10.9,92.7,1,3,0,78.6,2,0,3,1,1,0,3,1,0.05,0,1
12.2,83.3,3,1,0,91.3,2,2,1,1,0,0,1,0,0.05,0,0
13.9,96.2,3,3,1,75.3,2,2,0,2,0,1,2,1,0.05,0,1
15.0,84.6,0,2,1,95.0,2,1,0,1,1,0,3,0,0.05,0,1
14.8,91.4,3,2,1,67.1,1,1,1,2,1,0,1,0,0.05,0,0
8.5,84.3,0,0,0,95.0,2,0,2,0,1,1,3,0,0.05,0,1
9.9,98.3,2,3,0,78.8,2,1,0,1,1,0,2,0,0.05,0,1
13.3,93.0,1,2,1,74.3,2,2,3,1,1,0,3,1,0.05,0,1
7.8,77.6,1,1,1,95.0,1,1,1,2,1,0,2,0,0.05,0,1
12.9,80.9,2,2,1,93.0,2,1,2,2,2,1,0,0,0.05,0,0
5.7,94.5,1,1,0,86.4,1,1,0,1,1,0,0,1,0.05,0,0
12.4,86.8,3,2,0,63.1,1,1,2,2,2,0,0,1,0.05,0,0
12.8,91.7,2,1,1,67.6,2,3,2,1,1,0,2,0,0.05,1,1
7.6,89.4,3,0,1,68.7,1,0,1,3,0,0,2,2,0.05,0,1
10.7,79.3,3,3,0,88.8,2,1,1,2,1,1,0,2,0.05,0,0
13.7,100.0,2,1,0,70.5,2,3,0,2,0,0,0,1,0.05,1,0
9.5,100.0,2,3,1,69.9,1,2,3,1,2,0,4,0,0.05,0,1
9.6,87.8,1,1,1,95.0,1,1,3,0,0,0,1,0,0.05,0,0
13.3,84.7,0,2,0,82.5,2,1,1,3,0,0,0,1,0.05,0,0
15.0,83.6,1,3,0,85.5,2,2,2,2,0,0,1,0,0.05,0,0
12.6,88.1,1,2,0,88.9,2,2,3,2,0,0,3,1,0.05,0,1
8.7,91.8,1,3,1,86.4,1,0,3,3,2,1,2,1,0.05,0,1
8.1,85.6,2,2,0,75.4,1,1,0,3,0,0,2,1,0.05,0,1
15.1,89.0,2,1,0,69.3,3,2,1,2,0,0,2,0,0.05,0,1
11.6,89.5,0,3,0,86.1,0,3,1,2,1,0,2,1,0.05,1,1
8.6,94.1,1,2,0,63.2,3,5,1,2,0,0,2,1,0.05,1,1
8.8,74.4,2,2,0,52.4,3,1,2,2,1,0,2,0,0.05,0,1
6.9,93.4,2,1,0,62.2,3,0,3,2,1,0,0,0,0.05,0,0
10.9,75.0,2,1,0,76.3,0,0,2,1,1,0,2,1,0.05,0,1
6.2,75.0,0,2,0,86.3,2,2,1,2,1,0,2,2,0.05,0,1
4.2,69.9,0,3,0,80.5,2,2,1,2,1,0,2,1,0.05,0,1
14.4,87.4,2,2,1,64.8,2,3,1,2,1,0,3,1,0.05,1,1
9.5,82.6,3,1,1,75.7,2,2,1,3,2,1,4,0,0.05,0,1
9.6,81.6,3,1,0,89.6,2,1,3,3,0,0,2,1,0.05,0,1
11.8,80.8,2,0,0,80.2,1,0,2,3,1,0,2,2,0.05,0,1
15.5,90.7,2,2,0,79.6,1,1,3,3,0,0,1,0,0.05,0,0
12.4,87.3,2,2,0,76.2,2,2,1,2,2,0,3,1,0.05,0,1
10.9,89.9,3,1,1,55.6,1,0,3,3,2,0,4,2,0.05,0,1
10.7,96.6,1,2,0,82.5,2,1,3,2,1,0,0,0,0.05,0,0
9.5,79.2,3,1,0,78.5,1,0,2,3,1,0,1,1,0.05,0,0
8.7,100.0,0,2,0,70.2,2,0,3,1,2,0,4,1,0.05,0,1
4.5,77.0,1,1,0,91.8,3,0,1,2,1,0,0,1,0.05,0,0
10.8,83.7,1,2,1,84.3,2,1,1,1,1,0,3,1,0.05,0,1
6.6,69.1,1,2,0,90.5,1,0,0,2,1,0,2,1,0.05,0,1
9.0,84.7,2,2,0,95.0,2,0,2,1,1,0,1,1,0.05,0,0
6.0,91.8,2,2,0,67.4,2,2,1,1,1,0,1,1,0.05,0,0
8.2,90.9,3,2,1,75.0,0,0,0,2,1,0,1,2,0.05,0,0
11.8,83.4,1,1,0,72.9,2,0,1,3,0,1,4,0,0.05,0,1
7.4,70.6,2,2,0,80.8,3,4,1,2,0,1,0,1,0.05,1,0
14.1,80.4,3,3,0,75.1,1,0,1,1,1,1,2,2,0.05,0,1
8.9,100.0,3,1,0,73.9,3,3,1,2,1,0,1,1,0.05,1,0
13.5,77.8,2,2,1,79.9,1,0,1,0,2,0,3,1,0.05,0,1
8.2,83.2,1,3,0,90.1,2,1,3,2,0,0,2,1,0.05,0,1
15.4,81.8,1,3,0,76.7,3,0,2,2,1,0,0,0,0.05,0,0
8.8,77.4,2,2,0,95.0,2,1,2,1,0,0,1,2,0.05,0,0
11.3,84.9,2,1,1,63.3,2,1,2,1,2,0,2,2,0.05,0,1
9.0,94.6,1,0,1,82.8,1,0,0,2,1,0,1,0,0.05,0,0
7.9,81.0,3,1,1,77.0,1,1,0,3,2,0,3,1,0.05,0,1
8.7,93.4,1,3,0,53.6,1,2,1,3,1,0,3,1,0.05,0,1
18.7,85.7,1,2,1,76.5,2,2,0,0,0,1,2,1,0.05,0,1
13.2,88.5,1,3,1,88.1,1,2,1,1,0,1,2,2,0.05,0,1
9.8,73.8,2,2,1,91.6,1,4,3,2,0,1,2,1,0.05,1,1
6.6,87.2,0,1,0,90.3,2,4,3,2,1,0,4,1,0.05,1,1
9.6,99.1,0,1,0,64.5,1,0,0,2,2,1,1,1,0.05,0,0
12.9,93.2,2,1,1,76.4,2,0,1,2,1,0,0,2,0.05,0,0
3.7,99.8,2,1,1,57.2,2,3,0,1,1,0,3,2,0.05,1,1
11.9,81.2,2,0,1,67.1,2,1,2,1,0,0,2,2,0.05,0,1
13.8,85.5,2,1,1,84.4,1,2,2,3,1,0,3,1,0.05,0,1
7.0,73.1,1,1,1,82.9,2,3,2,0,1,0,1,2,0.05,1,0
15.6,69.1,1,3,0,90.8,3,0,2,2,1,0,3,1,0.05,0,1
11.2,64.9,2,2,1,64.6,2,4,0,2,2,0,2,1,0.05,1,1
9.9,72.7,2,2,0,86.4,1,1,1,3,1,0,4,0,0.05,0,1
14.5,69.4,3,2,0,79.5,0,1,2,2,0,0,1,1,0.05,0,0
10.7,77.2,1,0,0,95.0,2,2,2,3,1,0,3,1,0.05,0,1
10.8,76.5,2,3,0,75.5,1,1,0,2,0,0,2,0,0.05,0,1
5.9,94.8,2,2,1,70.4,3,2,1,3,1,0,1,1,0.05,0,0
15.0,80.4,1,3,0,78.7,1,0,1,1,0,0,1,1,0.05,0,0
12.1,90.6,1,1,1,83.2,0,1,3,1,1,0,2,0,0.05,0,1
15.0,88.9,2,1,0,61.9,1,1,0,0,2,0,3,0,0.05,0,1
9.6,85.2,1,3,1,63.2,2,2,3,2,1,0,0,2,0.05,0,0
8.3,66.4,2,1,0,66.0,3,1,0,2,2,0,4,2,0.05,0,1
11.5,82.3,3,1,0,71.4,1,2,0,3,1,0,3,1,0.05,0,1
8.0,98.3,1,3,0,84.8,3,2,1,3,1,0,2,0,0.05,0,1
7.3,81.7,2,2,1,58.9,1,1,2,3,1,0,0,1,0.05,0,0
13.9,90.0,2,1,0,85.0,1,2,2,2,0,0,2,0,0.05,0,1
7.7,82.9,0,0,0,63.3,1,3,2,1,2,0,3,0,0.05,1,1
10.9,78.2,1,2,1,74.9,2,2,3,3,1,0,2,0,0.05,0,1
9.3,77.1,2,3,0,41.1,0,1,2,0,1,1,0,1,0.05,0,0
11.8,82.2,0,2,0,70.6,2,0,0,2,1,1,0,0,0.05,0,0
11.5,76.0,2,2,0,81.9,3,2,1,1,1,0,1,1,0.05,0,0
12.1,84.7,2,2,0,66.8,0,1,3,1,2,0,1,1,0.05,0,0
5.0,80.4,1,0,0,63.4,3,2,1,1,1,1,2,0,0.05,0,1
14.6,89.2,3,0,1,95.0,1,3,1,2,2,0,3,1,0.05,1,1
11.6,63.1,2,3,0,57.9,3,0,2,3,1,0,2,2,0.05,0,1
9.6,86.1,1,3,0,71.7,3,1,1,1,1,0,1,0,0.05,0,0
13.4,94.4,1,2,1,66.5,2,1,1,3,1,0,2,1,0.05,0,1
9.1,100.0,1,3,1,71.5,2,0,0,2,1,0,4,2,0.05,0,1
12.1,97.6,1,0,0,68.6,2,1,0,3,0,0,1,0,0.05,0,0
4.9,88.9,1,1,1,73.9,3,2,1,2,1,0,1,2,0.05,0,0
14.8,82.4,2,1,0,90.3,2,1,2,2,1,0,0,2,0.05,0,0
11.6,86.3,3,2,1,84.3,2,1,2,2,0,0,0,0,0.05,0,0
8.7,78.0,2,2,0,62.6,1,1,1,3,1,0,3,0,0.05,0,1
6.1,94.0,3,1,0,92.6,2,2,0,2,0,0,0,1,0.05,0,0
11.1,98.3,3,0,1,54.9,2,0,1,0,1,0,1,0,0.05,0,0
9.9,96.2,1,0,1,95.0,1,0,2,1,1,0,1,1,0.05,0,0
15.5,100.0,2,1,0,90.3,2,3,0,0,1,0,2,2,0.05,1,1
7.5,92.0,2,3,1,77.4,2,1,1,1,1,0,1,0,0.05,0,0
2.4,77.4,3,1,0,66.5,2,2,1,2,1,0,3,2,0.05,0,1
5.0,100.0,0,3,0,88.2,2,1,1,1,1,0,1,0,0.05,0,0
11.5,88.4,0,0,0,68.0,3,1,0,1,1,0,1,1,0.05,0,0
11.5,82.7,2,3,0,65.6,1,1,0,2,2,0,4,1,0.05,0,1
15.8,86.9,2,0,0,64.5,0,4,3,3,1,1,1,2,0.05,1,0
11.0,89.8,2,1,1,62.9,2,1,2,3,1,0,0,0,0.05,0,0
10.5,99.2,3,1,0,92.0,2,4,3,2,1,0,0,1,0.05,1,0
9.1,80.5,1,2,0,81.4,1,1,1,0,2,0,0,0,0.05,0,0
4.7,100.0,2,2,0,66.7,2,0,3,2,1,1,4,2,0.05,0,1
11.9,80.2,0,3,0,68.6,3,0,0,2,1,0,2,0,0.05,0,1
11.9,81.3,1,2,0,61.7,0,1,0,1,2,1,3,0,0.05,0,1
11.1,67.9,2,2,1,85.6,2,4,1,2,2,0,1,1,0.05,1,0
11.5,82.2,1,2,0,67.4,3,2,1,1,0,0,0,0,0.05,0,0
5.2,91.3,3,0,0,81.2,3,0,3,0,2,0,4,0,0.05,0,1
8.2,78.7,1,2,0,77.8,3,2,3,3,1,1,3,0,0.05,0,1
8.0,86.9,0,1,0,70.7,3,2,2,2,1,0,2,0,0.05,0,1
11.1,87.7,3,2,0,94.1,3,1,2,2,2,0,3,0,0.05,0,1
10.6,84.5,1,1,1,69.8,2,3,0,2,2,0,2,1,0.05,1,1
11.2,83.8,1,3,1,83.7,1,1,0,3,1,1,0,1,0.05,0,0
15.5,96.9,2,2,0,72.6,2,1,0,3,1,0,0,2,0.05,0,0
8.8,93.1,1,1,1,89.8,2,2,1,2,0,0,3,0,0.05,0,1
9.8,76.9,2,1,0,82.0,2,3,3,2,1,0,1,0,0.05,1,0
11.8,97.2,2,0,1,66.5,2,2,1,2,0,0,0,0,0.05,0,0
8.5,57.5,2,1,0,79.9,0,1,1,2,1,0,1,1,0.05,0,0
7.5,89.1,2,1,0,82.0,3,0,3,2,1,0,2,1,0.05,0,1
9.1,79.5,1,0,1,76.5,2,2,1,1,2,0,1,1,0.05,0,0
12.9,80.5,1,2,0,79.9,2,0,2,0,0,1,2,0,0.05,0,1
11.8,71.6,3,2,0,78.1,2,1,1,0,0,0,2,1,0.05,0,1
10.0,64.0,0,2,0,72.8,2,1,0,2,2,0,3,0,0.05,0,1
9.5,82.8,2,2,0,75.3,2,1,1,2,2,1,1,1,0.05,0,0
10.2,86.9,1,0,0,71.8,2,0,3,0,2,0,1,0,0.05,0,0
11.9,99.8,1,3,0,62.7,2,2,1,0,0,0,1,2,0.05,0,0
14.8,68.3,3,1,0,72.5,0,2,1,2,2,0,2,2,0.05,0,1
11.6,76.9,1,1,1,93.7,1,1,0,3,1,1,0,1,0.05,0,0
13.0,90.9,2,0,1,67.6,1,4,0,1,1,0,0,1,0.05,1,0
6.5,72.2,2,0,1,70.0,0,0,2,3,1,0,2,0,0.05,0,1
16.2,90.7,0,1,1,82.8,1,1,2,1,2,0,1,2,0.05,0,0
9.6,79.5,3,2,0,58.0,2,2,1,2,1,0,1,1,0.05,0,0
7.4,90.7,1,2,1,74.3,2,3,0,2,1,0,2,1,0.05,1,1
9.2,88.6,1,3,0,92.1,1,3,1,1,1,1,0,2,0.05,1,0
11.1,69.1,3,1,0,79.8,1,1,2,3,1,0,0,1,0.05,0,0
12.2,81.3,0,1,0,68.1,2,1,2,3,1,0,1,0,0.05,0,0
12.7,86.6,2,2,1,61.8,1,2,0,2,1,0,3,2,0.05,0,1
7.5,91.9,1,2,1,67.3,1,1,0,3,1,0,3,2,0.05,0,1
9.5,90.3,1,3,1,62.1,3,0,3,1,2,0,2,1,0.05,0,1
6.5,60.1,2,0,1,74.5,2,1,1,0,0,0,0,0,0.05,0,0
10.8,80.4,1,0,0,76.9,2,1,0,0,1,1,1,0,0.05,0,0
10.7,76.5,3,1,0,88.2,1,2,2,2,2,0,3,0,0.05,0,1
14.1,91.5,1,2,1,78.5,0,1,3,3,0,0,2,0,0.05,0,1
10.1,79.8,2,3,1,65.0,3,0,1,1,1,1,3,2,0.05,0,1
9.3,72.2,1,0,0,93.9,2,2,1,2,1,0,3,1,0.05,0,1
12.6,87.3,3,2,0,64.3,1,0,2,2,2,1,1,0,0.05,0,0
7.1,78.1,3,2,1,59.7,2,0,0,2,1,0,3,2,0.05,0,1
14.5,79.6,2,3,0,95.0,2,0,0,2,2,0,0,0,0.05,0,0
7.3,67.0,1,2,0,70.4,2,1,2,2,1,0,1,2,0.05,0,0
7.7,96.2,0,1,1,77.1,1,2,2,2,1,0,2,2,0.05,0,1
7.4,74.3,2,1,0,80.5,2,3,0,3,2,0,2,0,0.05,1,1
12.5,94.5,1,1,0,81.1,1,2,0,0,1,0,0,1,0.05,0,0
8.4,87.8,3,3,1,81.8,2,1,1,2,0,0,2,0,0.05,0,1
12.2,86.6,2,1,0,84.6,3,1,2,1,1,0,0,0,0.05,0,0
13.6,86.6,2,1,1,69.6,1,1,2,2,1,0,2,1,0.05,0,1
9.5,88.7,2,0,0,91.3,2,1,3,2,1,0,3,0,0.05,0,1
7.4,87.8,2,0,1,55.5,2,1,0,2,2,0,4,2,0.05,0,1
16.1,82.8,0,2,0,95.0,3,1,1,2,1,0,2,0,0.05,0,1
4.1,86.2,3,1,0,73.0,1,1,2,3,0,0,0,0,0.05,0,0
9.1,77.0,1,1,1,69.8,3,1,1,3,1,0,0,1,0.05,0,0
6.7,86.7,3,0,0,74.0,1,2,1,1,2,0,2,0,0.05,0,1
10.8,84.0,2,2,0,45.3,1,4,0,3,1,0,2,1,0.05,1,1
11.5,91.5,2,2,0,65.9,1,0,1,1,2,0,2,1,0.05,0,1
7.5,82.3,3,0,1,87.9,1,0,2,3,1,0,3,1,0.05,0,1
9.9,86.3,3,3,0,86.6,3,1,2,0,1,1,1,1,0.05,0,0
9.7,91.7,2,2,1,64.9,2,2,2,2,1,0,0,0,0.05,0,0
4.0,94.6,0,2,0,60.6,1,1,3,0,1,0,2,0,0.05,0,1
15.1,78.5,0,1,0,69.3,2,1,1,3,2,0,4,1,0.05,0,1
11.5,90.3,1,2,0,65.8,3,3,1,0,2,0,0,0,0.05,1,0
11.8,83.4,1,0,1,84.2,0,2,2,3,2,0,0,1,0.05,0,0
11.2,98.4,1,3,0,84.2,3,2,1,3,2,0,2,0,0.05,0,1
8.2,77.5,1,0,0,63.0,2,2,2,2,1,1,3,1,0.05,0,1
5.8,74.3,2,3,0,80.8,3,3,1,1,0,0,1,1,0.05,1,0
7.3,78.8,2,2,0,74.2,3,3,1,3,1,0,2,2,0.05,1,1
10.6,84.6,1,1,1,75.9,1,0,1,3,1,0,0,0,0.05,0,0
8.6,65.0,1,2,1,67.2,2,3,0,2,0,0,2,1,0.05,1,1
7.1,90.0,3,1,1,51.1,0,0,1,1,0,0,2,1,0.05,0,1
11.8,74.3,1,2,1,80.1,3,0,3,0,2,0,1,0,0.05,0,0
6.5,88.3,3,2,1,68.2,2,1,0,2,1,0,0,0,0.05,0,0
17.0,94.5,1,0,0,63.9,1,2,1,2,2,0,3,1,0.05,0,1
10.3,68.1,1,0,0,66.9,1,0,1,3,1,1,4,2,0.05,0,1
8.7,95.5,2,3,1,76.4,2,1,0,2,1,0,2,2,0.05,0,1
7.7,95.6,0,3,1,79.8,1,0,3,0,1,0,2,2,0.05,0,1
7.0,66.0,1,1,1,73.3,1,1,1,3,0,0,4,0,0.05,0,1
12.8,95.5,2,1,0,86.3,2,2,1,1,1,0,0,0,0.05,0,0
7.5,96.6,2,3,0,89.7,2,2,1,1,1,0,1,1,0.05,0,0
12.8,77.8,3,2,0,95.0,2,1,3,3,1,0,1,1,0.05,0,0
10.4,75.1,0,2,0,64.7,2,3,3,3,1,0,2,0,0.05,1,1
13.9,85.0,0,0,0,95.0,3,2,1,2,1,0,2,0,0.05,0,1
10.7,84.1,2,3,0,68.2,2,2,1,3,0,0,2,1,0.05,0,1
7.2,99.6,1,1,0,47.0,3,2,0,2,0,1,3,0,0.05,0,1
7.9,70.9,1,2,0,59.4,3,3,0,2,1,0,3,2,0.05,1,1
5.6,97.9,0,0,1,82.9,2,1,2,1,1,0,0,0,0.05,0,0
11.2,82.3,0,0,1,61.9,2,1,1,1,1,1,0,2,0.05,0,0
18.4,82.2,0,0,1,70.5,2,0,3,3,1,1,1,2,0.05,0,0
12.3,88.9,2,1,0,68.0,1,2,1,3,1,0,3,1,0.05,0,1
13.4,98.8,3,2,0,66.8,3,2,0,2,1,1,0,1,0.05,0,0
8.5,73.9,2,2,1,84.1,1,1,1,1,1,0,0,0,0.05,0,0
13.7,78.1,3,2,0,95.0,2,0,2,3,1,0,1,1,0.05,0,0
9.3,87.3,2,1,1,70.3,0,2,2,1,0,0,4,1,0.05,0,1
5.0,78.9,2,1,1,88.0,2,1,1,2,2,0,1,1,0.05,0,0
8.4,81.3,3,3,0,77.2,2,0,3,2,1,0,2,0,0.05,0,1
13.4,97.1,2,1,0,68.9,3,0,3,1,1,0,2,2,0.05,0,1
9.1,77.6,1,3,0,91.3,1,1,1,0,1,0,2,1,0.05,0,1
10.5,70.4,1,3,1,70.4,1,0,3,2,1,0,1,1,0.05,0,0
10.1,85.7,1,0,1,82.7,1,0,0,1,1,1,3,1,0.05,0,1
7.9,98.1,1,0,1,49.5,1,0,1,2,0,0,1,1,0.05,0,0
8.8,70.5,1,0,0,86.7,2,0,1,0,0,0,1,2,0.05,0,0
10.4,74.9,1,1,0,95.0,3,1,0,1,1,0,3,1,0.05,0,1
16.5,75.4,1,2,0,76.6,2,3,2,2,1,0,2,1,0.05,1,1
15.9,84.3,1,1,0,77.9,2,1,2,2,2,0,1,2,0.05,0,0
9.5,86.7,3,1,0,50.4,3,4,1,3,1,0,2,0,0.05,1,1
12.8,78.6,2,0,1,81.1,1,1,3,2,1,0,2,0,0.05,0,1
5.3,88.7,2,0,0,61.6,1,2,0,2,1,0,1,2,0.05,0,0
9.2,79.8,1,1,0,81.1,3,2,3,3,0,1,1,0,0.05,0,0
13.8,98.0,3,2,1,71.6,1,0,1,1,1,0,2,0,0.05,0,1
8.1,80.4,1,0,0,80.5,0,3,1,2,0,0,3,1,0.05,1,1
10.8,87.1,2,2,1,73.3,3,0,1,1,1,0,3,0,0.05,0,1
11.9,93.7,1,1,0,88.0,2,7,3,2,1,0,1,0,0.05,1,0
8.0,81.3,2,1,0,63.9,2,1,0,1,2,0,2,0,0.05,0,1
8.4,77.0,0,1,0,74.8,1,3,3,3,1,0,0,1,0.05,1,0
7.7,80.0,2,1,0,62.5,1,0,1,3,0,0,3,0,0.05,0,1
9.4,85.7,1,1,0,87.7,1,4,2,2,1,0,2,2,0.05,1,1
8.0,83.5,2,3,0,49.2,2,1,1,3,1,0,1,1,0.05,0,0
10.7,91.1,1,3,0,80.7,2,1,3,1,1,0,2,2,0.05,0,1
3.0,88.0,2,0,0,70.1,3,3,3,2,0,0,1,0,0.05,1,0
11.6,71.9,0,0,1,77.9,2,2,3,2,0,0,3,1,0.05,0,1
8.5,82.3,3,0,0,67.0,2,7,1,2,1,0,2,2,0.05,1,1
7.8,70.6,2,2,1,76.2,2,0,1,1,0,0,0,2,0.05,0,0
7.4,75.2,0,1,0,73.6,1,0,1,1,1,1,1,2,0.05,0,0
11.3,59.7,2,0,0,74.4,2,3,1,2,2,0,4,0,0.05,1,1
7.8,93.7,1,1,0,78.7,2,2,0,0,1,0,3,0,0.05,0,1
9.0,99.7,1,1,0,79.9,1,0,0,2,0,0,1,0,0.05,0,0
14.7,74.6,2,1,1,58.2,2,4,2,3,2,0,3,0,0.05,1,1
11.4,71.9,1,3,0,77.2,2,1,1,2,0,0,4,0,0.05,0,1
9.4,71.6,0,2,1,64.8,2,3,1,3,1,1,2,1,0.05,1,1
12.9,74.8,2,1,0,62.0,1,1,2,2,0,0,1,0,0.05,0,0
8.4,83.2,2,1,1,61.0,2,1,2,1,0,0,1,1,0.05,0,0
14.4,74.6,1,0,1,88.4,2,2,1,2,1,0,1,0,0.05,0,0
11.2,74.9,1,2,1,72.1,3,2,0,0,1,0,2,1,0.05,0,1
13.0,92.6,1,1,1,70.3,0,4,1,0,1,0,1,2,0.05,1,0
12.4,65.5,3,1,0,57.8,2,0,1,3,0,0,0,1,0.05,0,0
3.0,89.9,1,3,1,95.0,3,3,3,0,0,1,1,2,0.05,1,0
7.2,82.3,2,3,0,74.1,2,2,0,0,0,0,3,0,0.05,0,1
5.0,85.8,1,3,1,53.8,3,2,0,2,1,1,0,2,0.05,0,0
13.9,84.2,1,0,0,77.6,3,3,3,0,2,0,2,1,0.05,1,1
9.7,80.4,1,1,0,62.2,2,4,2,2,1,0,3,1,0.05,1,1
12.4,77.4,0,2,1,83.5,1,1,0,2,1,0,0,0,0.05,0,0
11.7,77.4,1,2,0,66.2,2,1,0,3,0,0,0,1,0.05,0,0
10.7,85.4,1,1,0,72.4,1,0,0,1,1,1,2,2,0.05,0,1
12.8,77.8,1,0,0,48.9,3,1,0,2,0,0,0,1,0.05,0,0
7.5,71.9,3,1,1,73.2,3,4,1,3,1,1,3,2,0.05,1,1
7.4,95.0,2,3,1,84.5,3,1,0,3,1,0,0,2,0.05,0,0
11.2,89.2,1,0,1,59.3,0,2,3,0,1,0,0,1,0.05,0,0
14.2,80.2,0,2,1,75.4,2,3,2,2,1,0,4,0,0.05,1,1
10.2,91.3,1,2,1,66.8,0,1,3,3,0,1,4,0,0.05,0,1
10.9,80.5,2,1,0,95.0,2,0,2,1,1,1,2,1,0.05,0,1
9.7,72.2,1,0,0,74.0,2,3,0,3,1,0,4,1,0.05,1,1
10.9,88.1,3,0,1,72.3,2,3,0,0,1,0,1,0,0.05,1,0
8.5,84.0,1,3,1,69.6,1,0,2,2,1,0,1,1,0.05,0,0
11.6,89.0,0,2,0,78.0,2,3,3,2,0,0,1,0,0.05,1,0
2.0,79.1,2,3,1,74.0,1,1,1,2,2,0,2,2,0.05,0,1
11.7,84.8,2,0,0,66.4,1,2,1,1,1,0,1,1,0.05,0,0
14.0,100.0,0,2,1,59.3,1,1,1,2,0,0,0,1,0.05,0,0
13.2,83.1,0,3,1,90.2,2,1,3,2,2,0,1,2,0.05,0,0
6.6,85.7,0,1,0,73.8,2,2,1,0,1,1,3,1,0.05,0,1
5.5,97.6,3,3,0,74.3,3,0,1,0,1,0,3,1,0.05,0,1
10.7,100.0,2,2,1,65.3,2,1,1,2,1,1,1,0,0.05,0,0
14.6,84.1,2,1,0,86.9,2,0,3,2,0,0,2,0,0.05,0,1
8.1,69.3,2,2,1,86.7,2,3,2,2,1,0,1,1,0.05,1,0
14.2,97.5,2,2,0,73.9,3,2,1,1,1,0,2,1,0.05,0,1
9.9,60.4,0,0,1,68.6,2,2,2,1,1,0,1,1,0.05,0,0
11.4,83.7,2,0,1,80.5,2,0,1,1,1,0,2,2,0.05,0,1
10.1,82.1,2,2,0,84.8,1,0,1,0,1,0,2,0,0.05,0,1
10.4,79.6,2,0,0,62.1,1,4,3,3,0,0,2,1,0.05,1,1
12.4,82.1,1,0,0,90.3,2,1,3,1,0,0,2,1,0.05,0,1
11.2,86.0,2,2,0,93.7,2,1,1,3,1,0,4,0,0.05,0,1
9.8,96.0,2,1,0,90.1,2,5,2,2,1,0,4,1,0.05,1,1
10.2,98.6,2,1,1,57.8,1,0,1,2,2,0,4,0,0.05,0,1
10.3,77.5,2,3,0,85.1,2,1,1,2,1,0,0,1,0.05,0,0
8.4,74.0,1,0,0,63.5,2,3,2,2,1,0,1,1,0.05,1,0
8.5,74.9,1,2,1,67.4,2,2,1,3,1,0,0,1,0.05,0,0
6.3,85.1,2,2,1,88.6,1,1,2,2,0,0,1,0,0.05,0,0
6.1,81.6,2,2,0,53.3,0,2,2,1,1,0,1,2,0.05,0,0
6.0,77.3,3,3,1,73.6,2,0,2,0,0,0,0,0,0.05,0,0
6.8,82.7,2,1,0,82.9,0,0,1,2,1,0,1,0,0.05,0,0
7.3,79.0,2,2,1,89.8,3,3,3,2,0,0,0,1,0.05,1,0
4.2,92.3,1,2,0,81.9,1,0,1,1,2,0,1,1,0.05,0,0
11.4,91.2,0,2,0,54.1,2,4,1,2,2,0,1,1,0.05,1,0
4.4,77.4,3,1,0,95.0,1,0,1,2,1,0,3,0,0.05,0,1
5.5,98.3,1,2,1,67.3,2,3,1,2,1,0,0,1,0.05,1,0
10.0,68.3,0,0,0,79.9,1,2,0,1,2,0,3,2,0.05,0,1
14.8,100.0,1,2,0,76.3,3,0,2,0,2,0,2,1,0.05,0,1
14.3,72.0,2,1,0,77.3,3,1,0,1,1,0,2,0,0.05,0,1
12.2,64.7,1,3,1,65.8,0,3,2,1,1,0,0,0,0.05,1,0
8.9,82.6,3,3,0,62.9,2,0,3,2,0,0,0,0,0.05,0,0
11.0,81.4,1,0,0,95.0,1,1,1,1,1,0,2,1,0.05,0,1
9.3,100.0,2,0,0,81.5,0,0,1,3,2,0,1,1,0.05,0,0
4.6,89.2,2,3,0,68.2,1,3,1,2,0,0,2,0,0.05,1,1
12.5,71.5,1,1,1,88.7,3,0,2,1,0,0,1,2,0.05,0,0
9.7,78.6,2,3,1,94.9,2,1,2,3,2,0,2,1,0.05,0,1
11.7,70.5,1,2,0,65.1,2,1,0,1,1,0,0,0,0.05,0,0
6.4,76.7,3,2,0,87.8,1,1,0,1,1,0,0,1,0.05,0,0
11.2,57.9,3,0,0,78.2,1,1,2,3,1,0,2,1,0.05,0,1
5.6,71.7,1,1,1,71.6,2,0,0,3,1,1,0,1,0.05,0,0
13.4,86.2,1,3,1,72.3,3,1,0,1,1,0,3,0,0.05,0,1
9.0,92.2,1,0,0,77.5,2,2,3,2,1,1,0,0,0.05,0,0
8.2,92.9,0,2,0,67.2,2,3,2,2,1,0,2,1,0.05,1,1
12.5,71.0,1,2,0,86.4,0,0,2,2,1,0,2,1,0.05,0,1
6.1,98.5,2,2,1,95.0,2,3,2,1,1,1,1,1,0.05,1,0
3.0,69.5,1,2,0,73.5,2,2,3,2,0,0,0,2,0.05,0,0
11.5,99.8,0,3,0,83.5,2,1,3,2,0,1,2,1,0.05,0,1
12.4,97.6,0,1,0,76.1,0,2,0,2,2,0,2,0,0.05,0,1
16.7,83.3,2,2,1,72.5,2,2,0,0,2,0,3,1,0.05,0,1
12.2,89.6,2,1,0,61.0,2,3,3,1,0,0,4,1,0.05,1,1
7.7,76.8,0,3,0,86.3,3,2,2,2,1,0,0,2,0.05,0,0
9.8,93.4,1,1,0,64.2,2,2,2,2,0,0,2,0,0.05,0,1
13.5,73.8,3,2,0,83.4,0,2,3,2,1,0,0,1,0.05,0,0
7.1,85.5,2,1,0,60.3,2,1,1,2,1,1,2,0,0.05,0,1
13.3,84.3,2,1,0,59.9,3,5,2,2,0,0,0,1,0.05,1,0
10.5,91.0,1,2,0,75.7,2,4,1,2,1,0,2,1,0.05,1,1
13.7,80.7,0,3,1,70.6,2,3,2,2,1,0,1,1,0.05,1,0
9.8,88.1,1,0,0,81.5,2,2,3,2,2,0,0,1,0.05,0,0
10.7,100.0,2,3,0,64.5,1,2,1,2,1,0,0,1,0.05,0,0
10.1,93.2,2,1,0,89.1,3,1,0,0,1,0,4,2,0.05,0,1
5.5,86.5,1,1,0,67.7,1,0,1,3,1,1,0,0,0.05,0,0
11.9,73.3,2,2,1,95.0,3,1,1,1,1,0,1,0,0.05,0,0
10.2,82.9,2,0,0,93.4,1,2,1,3,1,0,1,0,0.05,0,0
12.4,91.8,2,2,0,87.5,2,1,3,1,1,0,4,1,0.05,0,1
13.5,82.5,1,1,0,82.5,3,1,1,2,2,0,1,0,0.05,0,0
12.5,76.2,2,2,0,76.7,2,2,3,3,2,0,0,0,0.05,0,0
12.3,77.7,1,1,1,84.6,1,1,0,2,1,0,3,1,0.05,0,1
7.3,85.9,0,2,1,70.6,1,3,1,3,1,0,0,0,0.05,1,0
12.4,92.8,3,0,1,71.4,2,0,1,2,2,0,2,1,0.05,0,1
8.7,78.2,1,0,0,70.7,2,1,1,2,0,1,0,2,0.05,0,0
14.0,77.2,2,0,1,66.7,0,2,0,2,1,1,1,1,0.05,0,0
9.5,71.7,2,1,0,66.0,2,3,2,2,0,0,0,1,0.05,1,0
8.4,94.3,2,2,0,84.3,1,0,0,1,1,0,0,0,0.05,0,0
9.3,98.5,2,1,0,93.5,0,1,3,2,2,0,0,2,0.05,0,0
10.9,78.5,2,1,0,67.4,1,3,0,3,0,0,1,2,0.05,1,0
5.7,67.1,2,1,0,74.4,1,0,2,3,1,0,0,1,0.05,0,0
7.5,99.3,3,0,0,89.0,0,3,1,1,1,0,0,1,0.05,1,0
13.0,80.7,0,3,0,53.0,3,5,1,0,1,0,3,0,0.05,1,1
6.2,82.8,3,1,0,63.6,3,1,1,0,2,0,1,1,0.05,0,0
11.4,72.1,0,2,0,61.0,2,1,0,0,1,0,2,0,0.05,0,1
11.7,77.8,1,2,1,82.7,0,3,1,2,2,0,0,0,0.05,1,0
7.0,77.3,1,0,0,64.5,3,0,0,1,2,0,3,0,0.05,0,1
9.1,96.6,2,2,1,81.1,3,1,0,3,0,1,1,0,0.05,0,0
5.2,84.1,3,0,0,72.2,0,1,1,3,1,0,2,0,0.05,0,1
11.0,68.4,1,2,1,84.1,1,1,0,3,1,0,2,0,0.05,0,1
6.7,99.2,2,1,1,78.2,2,2,2,3,0,1,2,1,0.05,0,1
9.7,96.6,1,2,1,70.5,3,2,3,1,1,0,2,0,0.05,0,1
11.2,85.8,3,0,0,80.9,2,2,0,2,0,1,1,1,0.05,0,0
10.1,77.8,1,1,1,69.3,1,5,2,1,1,0,2,1,0.05,1,1
9.6,76.5,3,1,0,85.2,3,2,1,3,1,0,0,2,0.05,0,0
14.1,71.3,2,2,0,93.1,2,4,0,2,0,0,1,0,0.05,1,0
11.1,80.1,1,0,0,77.6,1,4,1,0,1,0,2,0,0.05,1,1
11.9,89.9,2,3,0,87.5,2,4,1,2,2,0,0,1,0.05,1,0
10.6,81.7,2,0,0,50.7,2,1,3,3,2,1,1,0,0.05,0,0
11.9,79.9,1,2,0,61.7,3,2,2,3,2,0,1,1,0.05,0,0
12.3,100.0,3,0,0,63.7,1,3,2,2,1,1,4,1,0.05,1,1
4.7,90.7,1,0,0,57.5,1,2,1,2,2,0,4,1,0.05,0,1
16.1,80.6,2,3,1,76.8,3,1,1,2,0,1,4,1,0.05,0,1
7.9,80.7,3,2,0,61.2,2,0,3,2,2,0,3,0,0.05,0,1
13.4,98.0,2,2,0,82.8,3,1,3,1,1,0,4,0,0.05,0,1
2.0,84.1,0,2,1,88.7,3,2,1,0,2,0,4,0,0.05,0,1
5.9,81.6,0,2,0,78.7,2,1,3,2,1,0,2,0,0.05,0,1
10.6,71.0,2,2,0,50.2,1,1,0,0,2,0,0,0,0.05,0,0
6.6,80.3,2,3,0,95.0,1,4,1,2,2,0,3,0,0.05,1,1
10.5,70.3,1,2,1,80.5,2,0,2,3,1,0,0,0,0.05,0,0
6.7,90.3,2,1,0,68.8,1,3,2,2,1,0,2,0,0.05,1,1
